{"user/angle": 0.2412793359172338, "timestamp": "2019-01-15 13:46:39.166786", "acceleration/y": 4.7117888671875, "user/mode": "user", "acceleration/x": -8.506598498535157, "sonar/left": 159.0, "sonar/center": 0.0, "cam/image_array": "319_cam-image_array_.jpg", "acceleration/z": 1.944091748046875, "sonar/right": 0.0, "gyro/x": 80.48091603053435, "user/throttle": 0.18860438856166264, "gyro/z": 3.2519083969465647, "temperature": 23.21235294117647, "gyro/y": 0.6030534351145038, "sonar/time_to_impact": -1.0}