{"user/angle": 0.058626056703390605, "timestamp": "2019-01-15 13:46:26.076317", "acceleration/y": 4.7117888671875, "user/mode": "user", "acceleration/x": -8.506598498535157, "sonar/left": 0.0, "sonar/center": 0.0, "cam/image_array": "58_cam-image_array_.jpg", "acceleration/z": 1.944091748046875, "sonar/right": 0.0, "gyro/x": 80.48091603053435, "user/throttle": 0.28458510086367383, "gyro/z": 3.2519083969465647, "temperature": 23.21235294117647, "gyro/y": 0.6030534351145038, "sonar/time_to_impact": -1.0}